"id";"article_id";"image";"created_at"
1;"1";"001p5.jpg";"2018-12-09 15:26:03"
118;"1";"009p4_tajkYGN.jpg";"2018-12-16 08:13:27"
119;"1";"009p5_IHdJyqD.jpg";"2018-12-16 08:13:27"
120;"2";"009p4_NstWMhX.jpg";"2018-12-16 08:13:27"
121;"2";"009p5_95eYmFQ.jpg";"2018-12-16 08:13:27"
154;"2";"003p4_ezfFN1c.jpg";"2018-12-17 08:56:37"
155;"2";"botu_xpQJCZI.jpg";"2018-12-17 08:56:37"
156;"2";"003p4_pfePQ3z.jpg";"2018-12-17 08:57:39"
157;"2";"botu_SDeEl0K.jpg";"2018-12-17 08:57:39"
158;"3";"003p4_rzmn9xH.jpg";"2018-12-17 08:57:39"
159;"3";"botu_3uLIZT0.jpg";"2018-12-17 08:57:39"
199;"4";"004p4_NEwPVB2.jpg";"2018-12-17 10:30:55"
200;"4";"004p5.jpg";"2018-12-17 10:30:55"
201;"4";"004p4_CttRjeg.jpg";"2018-12-17 10:37:25"
202;"4";"004p5_CNPgvow.jpg";"2018-12-17 10:37:25"
203;"5";"004p4_gS3VhRi.jpg";"2018-12-17 10:38:01"
204;"5";"004p5_PkAu2mL.jpg";"2018-12-17 10:38:01"
205;"6";"004p4_WBiaN24.jpg";"2018-12-17 10:50:52"
206;"6";"004p5_2vjpb4J.jpg";"2018-12-17 10:50:52"
207;"7";"004p4_kXO9Y0s.jpg";"2018-12-17 10:50:52"
208;"7";"004p5_Ig7CUOy.jpg";"2018-12-17 10:50:52"
209;"7";"007p4_8kxjfQr.jpg";"2018-12-17 10:56:17"
210;"7";"007p5_eTTyPmE.jpg";"2018-12-17 10:56:17"
211;"7";"botu_ysYps8r.jpg";"2018-12-17 10:56:17"
212;"8";"007p4_cnoX3uN.jpg";"2018-12-17 10:56:18"
213;"8";"007p5_DXSMczV.jpg";"2018-12-17 10:56:18"
214;"8";"botu_Juck9Pc.jpg";"2018-12-17 10:56:18"
215;"8";"007p4_W83WeP0.jpg";"2018-12-17 10:56:18"
216;"8";"007p5_nzEKFJi.jpg";"2018-12-17 10:56:18"
217;"8";"botu_sFeioeI.jpg";"2018-12-17 10:56:18"
218;"9";"007p4_6iOa9Zf.jpg";"2018-12-17 10:56:18"
219;"9";"007p5_pI21a40.jpg";"2018-12-17 10:56:18"
220;"9";"botu_oXDnOU8.jpg";"2018-12-17 10:56:18"
221;"9";"007p4_3ebrvzw.jpg";"2018-12-17 11:00:35"
222;"9";"007p5_VMCq51O.jpg";"2018-12-17 11:00:35"
223;"8";"007p4_8T2WTY2.jpg";"2018-12-17 11:04:19"
224;"8";"007p5_z9zy476.jpg";"2018-12-17 11:04:19"
225;"10";"007p4_BX0AUFo.jpg";"2018-12-17 11:04:19"
226;"10";"007p5_2ugScI9.jpg";"2018-12-17 11:04:19"
227;"10";"002p2_mChDy9I.jpg";"2018-12-27 04:26:43"
228;"10";"002p5_r2Ax3Ba.jpg";"2018-12-27 04:26:43"
229;"10";"005p2_FIbXjds.jpg";"2018-12-27 04:26:43"
230;"11";"002p2_mPAeT8t.jpg";"2018-12-27 04:26:43"
231;"11";"002p5_VsBjWCZ.jpg";"2018-12-27 04:26:43"
232;"11";"005p2_b085C0c.jpg";"2018-12-27 04:26:43"
233;"11";"010p4.jpg";"2019-01-02 13:51:11"
234;"11";"010p5.jpg";"2019-01-02 13:51:11"
235;"11";"botu_jGdH6bW.jpg";"2019-01-02 13:51:11"
236;"12";"010p4_5DvnXmh.jpg";"2019-01-02 13:51:11"
237;"12";"010p5_7gSQqr6.jpg";"2019-01-02 13:51:11"
238;"12";"botu_Tki16e2.jpg";"2019-01-02 13:51:11"
239;"11";"002p2_xNyfJet.jpg";"2019-01-08 09:25:54"
240;"11";"005p2_MBsdmZM.jpg";"2019-01-08 09:25:54"
241;"12";"002p2_g79sErl.jpg";"2019-01-08 09:25:54"
242;"12";"005p2_c65lvQ7.jpg";"2019-01-08 09:25:54"
243;"12";"010p4_9P4fgyv.jpg";"2019-01-09 09:31:11"
244;"12";"010p5_VBDRwnb.jpg";"2019-01-09 09:31:11"
245;"12";"botu_Is8hq2x.jpg";"2019-01-09 09:31:11"
246;"13";"010p4_edADDiO.jpg";"2019-01-09 09:31:11"
247;"13";"010p5_YtqFxYU.jpg";"2019-01-09 09:31:11"
248;"13";"botu_MaUmvvm.jpg";"2019-01-09 09:31:11"
249;"13";"media/007p4_xvsbw7";"2019-01-16 05:00:18"
250;"13";"media/007p5_by9kjy";"2019-01-16 05:00:20"
251;"14";"media/007p4_ob4l0d";"2019-01-16 05:07:18"
252;"14";"media/007p5_bd0kvc";"2019-01-16 05:07:32"
253;"15";"media/007p4_piaomb";"2019-01-16 05:10:20"
254;"15";"media/007p5_qdrwvn";"2019-01-16 05:10:22"
255;"16";"media/007p4_zihffd";"2019-01-16 05:12:22"
256;"16";"media/007p5_sxhnos";"2019-01-16 05:12:23"
257;"17";"media/007p3_uq7to4";"2019-01-16 05:14:02"
258;"17";"media/007p4_nhalab";"2019-01-16 05:14:02"
259;"17";"media/007p5_cfyldg";"2019-01-16 05:14:03"
260;"18";"media/007p3_k0jrv6";"2019-01-16 05:15:03"
261;"18";"media/007p4_qagh2n";"2019-01-16 05:15:05"
262;"18";"media/007p5_ilujrs";"2019-01-16 05:15:06"
263;"19";"007p3.jpg";"2019-01-16 05:15:58"
264;"19";"007p4_stl2E7C.jpg";"2019-01-16 05:15:58"
265;"19";"007p5_XMNw2PN.jpg";"2019-01-16 05:15:58"
266;"20";"007p3_akZBOYS.jpg";"2019-01-16 05:15:58"
267;"20";"007p4_PoiwjjB.jpg";"2019-01-16 05:15:58"
268;"20";"007p5_zePjQZc.jpg";"2019-01-16 05:15:58"
325;"48";"http://www.img-asp.jp/bkn/37730322_1_652_555_3.jpg?t=1549099280";"2019-02-10 05:15:58"
326;"49";"http://es1.img-asp.jp/bkn/33567476_1_652_555_3.jpg?t=1549099235";"2019-02-10 05:15:58"
327;"50";"http://es1.img-asp.jp/bkn/34011560_1_652_555_3.jpg?t=1549099235', 'http://www.img-asp.jp/bkn/34011560_3_652_555_3.jpg?t=1549099235', 'http://img.ielove.jp/bkn/34011560_4_652_555_3.jpg?t=1549099235', 'http://es1.img-asp.jp/bkn/34011560_5_652_555_3.jpg?t=1549099235', 'http://es2.img-asp.jp/bkn/34011560_6_652_555_3.jpg?t=1549099235', 'http://www.img-asp.jp/bkn/34011560_7_652_555_3.jpg?t=1549099235', 'http://img.ielove.jp/bkn/34011560_8_652_555_3.jpg?t=1549099235', 'http://es1.img-asp.jp/bkn/34011560_9_652_555_3.jpg?t=1549099235', 'http://es2.img-asp.jp/bkn/34011560_10_652_555_3.jpg?t=1549099235', 'http://www.img-asp.jp/bkn/34011560_11_652_555_3.jpg?t=1549099235', 'http://img.ielove.jp/bkn/34011560_12_652_555_3.jpg?t=1549099235', 'http://es1.img-asp.jp/bkn/34011560_13_652_555_3.jpg?t=1549099235', 'http://es2.img-asp.jp/bkn/34011560_14_652_555_3.jpg?t=1549099235";"2019-02-10 05:15:58"
328;"51";"http://www.img-asp.jp/bkn/34339070_1_652_555_3.jpg?t=1549099235, http://es1.img-asp.jp/bkn/34339070_3_652_555_3.jpg?t=1549099235, http://es2.img-asp.jp/bkn/34339070_4_652_555_3.jpg?t=1549099235, http://www.img-asp.jp/bkn/34339070_5_652_555_3.jpg?t=1549099235, http://img.ielove.jp/bkn/34339070_6_652_555_3.jpg?t=1549099235, http://es1.img-asp.jp/bkn/34339070_7_652_555_3.jpg?t=1549099235, http://es2.img-asp.jp/bkn/34339070_8_652_555_3.jpg?t=1549099235, http://www.img-asp.jp/bkn/34339070_9_652_555_3.jpg?t=1549099235, http://img.ielove.jp/bkn/34339070_10_652_555_3.jpg?t=1549099235, http://es1.img-asp.jp/bkn/34339070_11_652_555_3.jpg?t=1549099235, http://es2.img-asp.jp/bkn/34339070_12_652_555_3.jpg?t=1549099235, http://www.img-asp.jp/bkn/34339070_13_652_555_3.jpg?t=1549099235, http://img.ielove.jp/bkn/34339070_14_652_555_3.jpg?t=1549099235, http://es1.img-asp.jp/bkn/34339070_15_652_555_3.jpg?t=1549099235";"2019-02-10 05:15:58"
329;"52";"http://es1.img-asp.jp/bkn/40026384_1_652_555_3.jpg?t=1549099189, http://www.img-asp.jp/bkn/40026384_3_652_555_3.jpg?t=1549099189, http://img.ielove.jp/bkn/40026384_4_652_555_3.jpg?t=1549099189, http://es1.img-asp.jp/bkn/40026384_5_652_555_3.jpg?t=1549099189";"2019-02-10 05:15:58"
330;"53";"http://es1.img-asp.jp/bkn/40026384_1_652_555_3.jpg?t=1549099189, http://www.img-asp.jp/bkn/40026384_3_652_555_3.jpg?t=1549099189, http://img.ielove.jp/bkn/40026384_4_652_555_3.jpg?t=1549099189, http://es1.img-asp.jp/bkn/40026384_5_652_555_3.jpg?t=1549099189";"2019-02-10 05:15:58"
331;"54";"http://es1.img-asp.jp/bkn/35945780_1_652_555_3.jpg?t=1549099235, http://www.img-asp.jp/bkn/35945780_3_652_555_3.jpg?t=1549099235, http://img.ielove.jp/bkn/35945780_4_652_555_3.jpg?t=1549099235, http://es1.img-asp.jp/bkn/35945780_5_652_555_3.jpg?t=1549099235, http://es2.img-asp.jp/bkn/35945780_6_652_555_3.jpg?t=1549099235, http://www.img-asp.jp/bkn/35945780_7_652_555_3.jpg?t=1549099235, http://img.ielove.jp/bkn/35945780_8_652_555_3.jpg?t=1549099235, http://es1.img-asp.jp/bkn/35945780_9_652_555_3.jpg?t=1549099235, http://es2.img-asp.jp/bkn/35945780_10_652_555_3.jpg?t=1549099235, http://www.img-asp.jp/bkn/35945780_11_652_555_3.jpg?t=1549099235";"2019-02-10 05:15:58"
332;"55";"http://es2.img-asp.jp/bkn/34515233_1_652_555_3.jpg?t=1549099188";"2019-02-10 05:15:58"
333;"56";"http://img.ielove.jp/bkn/34518199_1_652_555_3.jpg?t=1549099188, http://es1.img-asp.jp/bkn/34518199_2_652_555_3.jpg?t=1549099188, http://es2.img-asp.jp/bkn/34518199_3_652_555_3.jpg?t=1549099188, http://www.img-asp.jp/bkn/34518199_4_652_555_3.jpg?t=1549099188, http://img.ielove.jp/bkn/34518199_5_652_555_3.jpg?t=1549099188, http://es1.img-asp.jp/bkn/34518199_6_652_555_3.jpg?t=1549099188, http://es2.img-asp.jp/bkn/34518199_7_652_555_3.jpg?t=1549099188, http://www.img-asp.jp/bkn/34518199_8_652_555_3.jpg?t=1549099188, http://img.ielove.jp/bkn/34518199_9_652_555_3.jpg?t=1549099188, http://es1.img-asp.jp/bkn/34518199_10_652_555_3.jpg?t=1549099188, http://es2.img-asp.jp/bkn/34518199_11_652_555_3.jpg?t=1549099188, http://www.img-asp.jp/bkn/34518199_12_652_555_3.jpg?t=1549099188, http://img.ielove.jp/bkn/34518199_13_652_555_3.jpg?t=1549099188, http://es1.img-asp.jp/bkn/34518199_14_652_555_3.jpg?t=1549099188, http://es2.img-asp.jp/bkn/34518199_15_652_555_3.jpg?t=1549099188";"2019-02-10 05:15:58"
334;"57";"http://www.img-asp.jp/bkn/35946418_1_652_555_3.jpg?t=1549099188, http://es1.img-asp.jp/bkn/35946418_3_652_555_3.jpg?t=1549099188, http://es2.img-asp.jp/bkn/35946418_4_652_555_3.jpg?t=1549099188, http://www.img-asp.jp/bkn/35946418_5_652_555_3.jpg?t=1549099188, http://img.ielove.jp/bkn/35946418_6_652_555_3.jpg?t=1549099188, http://es1.img-asp.jp/bkn/35946418_7_652_555_3.jpg?t=1549099188";"2019-02-10 05:15:58"
335;"58";"http://www.img-asp.jp/bkn/35946418_1_652_555_3.jpg?t=1549099188, http://es1.img-asp.jp/bkn/35946418_3_652_555_3.jpg?t=1549099188, http://es2.img-asp.jp/bkn/35946418_4_652_555_3.jpg?t=1549099188, http://www.img-asp.jp/bkn/35946418_5_652_555_3.jpg?t=1549099188, http://img.ielove.jp/bkn/35946418_6_652_555_3.jpg?t=1549099188, http://es1.img-asp.jp/bkn/35946418_7_652_555_3.jpg?t=1549099188";"2019-02-10 05:15:58"
336;"59";"http://es2.img-asp.jp/bkn/39344949_1_652_555_3.jpg?t=1549099188, http://img.ielove.jp/bkn/39344949_3_652_555_3.jpg?t=1549099188, http://es1.img-asp.jp/bkn/39344949_4_652_555_3.jpg?t=1549099188, http://es2.img-asp.jp/bkn/39344949_5_652_555_3.jpg?t=1549099188, http://www.img-asp.jp/bkn/39344949_6_652_555_3.jpg?t=1549099188, http://img.ielove.jp/bkn/39344949_7_652_555_3.jpg?t=1549099188, http://es1.img-asp.jp/bkn/39344949_8_652_555_3.jpg?t=1549099188, http://es2.img-asp.jp/bkn/39344949_9_652_555_3.jpg?t=1549099188, http://www.img-asp.jp/bkn/39344949_10_652_555_3.jpg?t=1549099188, http://img.ielove.jp/bkn/39344949_11_652_555_3.jpg?t=1549099188, http://es1.img-asp.jp/bkn/39344949_12_652_555_3.jpg?t=1549099188, http://es2.img-asp.jp/bkn/39344949_13_652_555_3.jpg?t=1549099188, http://www.img-asp.jp/bkn/39344949_14_652_555_3.jpg?t=1549099188, http://img.ielove.jp/bkn/39344949_15_652_555_3.jpg?t=1549099188, http://es1.img-asp.jp/bkn/39344949_16_652_555_3.jpg?t=1549099188, http://es2.img-asp.jp/bkn/39344949_17_652_555_3.jpg?t=1549099188, http://www.img-asp.jp/bkn/39344949_18_652_555_3.jpg?t=1549099188, http://img.ielove.jp/bkn/39344949_19_652_555_3.jpg?t=1549099188, http://es1.img-asp.jp/bkn/39344949_20_652_555_3.jpg?t=1549099188, http://es2.img-asp.jp/bkn/39344949_21_652_555_3.jpg?t=1549099188, http://www.img-asp.jp/bkn/39344949_22_652_555_3.jpg?t=1549099188, http://img.ielove.jp/bkn/39344949_23_652_555_3.jpg?t=1549099188, http://es1.img-asp.jp/bkn/39344949_24_652_555_3.jpg?t=1549099188, http://es2.img-asp.jp/bkn/39344949_25_652_555_3.jpg?t=1549099188";"2019-02-10 05:15:58"
337;"60";"http://img.ielove.jp/bkn/39679943_1_652_555_3.jpg?t=1549099188, http://es2.img-asp.jp/bkn/39679943_3_652_555_3.jpg?t=1549099188, http://www.img-asp.jp/bkn/39679943_4_652_555_3.jpg?t=1549099188, http://img.ielove.jp/bkn/39679943_5_652_555_3.jpg?t=1549099188, http://es1.img-asp.jp/bkn/39679943_6_652_555_3.jpg?t=1549099188, http://es2.img-asp.jp/bkn/39679943_7_652_555_3.jpg?t=1549099188, http://www.img-asp.jp/bkn/39679943_8_652_555_3.jpg?t=1549099188, http://img.ielove.jp/bkn/39679943_9_652_555_3.jpg?t=1549099188, http://es1.img-asp.jp/bkn/39679943_10_652_555_3.jpg?t=1549099188, http://es2.img-asp.jp/bkn/39679943_11_652_555_3.jpg?t=1549099188, http://www.img-asp.jp/bkn/39679943_12_652_555_3.jpg?t=1549099188, http://img.ielove.jp/bkn/39679943_13_652_555_3.jpg?t=1549099188, http://es1.img-asp.jp/bkn/39679943_14_652_555_3.jpg?t=1549099188, http://es2.img-asp.jp/bkn/39679943_15_652_555_3.jpg?t=1549099188, http://www.img-asp.jp/bkn/39679943_16_652_555_3.jpg?t=1549099188, http://img.ielove.jp/bkn/39679943_17_652_555_3.jpg?t=1549099188, http://es1.img-asp.jp/bkn/39679943_18_652_555_3.jpg?t=1549099188, http://es2.img-asp.jp/bkn/39679943_19_652_555_3.jpg?t=1549099188, http://www.img-asp.jp/bkn/39679943_20_652_555_3.jpg?t=1549099188, http://img.ielove.jp/bkn/39679943_21_652_555_3.jpg?t=1549099188, http://es1.img-asp.jp/bkn/39679943_22_652_555_3.jpg?t=1549099188, http://es2.img-asp.jp/bkn/39679943_23_652_555_3.jpg?t=1549099188, http://www.img-asp.jp/bkn/39679943_24_652_555_3.jpg?t=1549099188";"2019-02-10 05:15:58"
338;"61";"http://www.img-asp.jp/bkn/40524578_1_652_555_3.jpg?t=1549099188";"2019-02-10 05:15:58"
339;"62";"http://img.ielove.jp/bkn/40875571_1_652_555_3.jpg?t=1549099188, http://es2.img-asp.jp/bkn/40875571_3_652_555_3.jpg?t=1549099188, http://www.img-asp.jp/bkn/40875571_4_652_555_3.jpg?t=1549099188, http://img.ielove.jp/bkn/40875571_5_652_555_3.jpg?t=1549099188, http://es1.img-asp.jp/bkn/40875571_6_652_555_3.jpg?t=1549099188, http://es2.img-asp.jp/bkn/40875571_7_652_555_3.jpg?t=1549099188, http://www.img-asp.jp/bkn/40875571_8_652_555_3.jpg?t=1549099188, http://img.ielove.jp/bkn/40875571_9_652_555_3.jpg?t=1549099188, http://es1.img-asp.jp/bkn/40875571_10_652_555_3.jpg?t=1549099188, http://es2.img-asp.jp/bkn/40875571_11_652_555_3.jpg?t=1549099188, http://www.img-asp.jp/bkn/40875571_12_652_555_3.jpg?t=1549099188, http://img.ielove.jp/bkn/40875571_13_652_555_3.jpg?t=1549099188, http://es1.img-asp.jp/bkn/40875571_14_652_555_3.jpg?t=1549099188, http://es2.img-asp.jp/bkn/40875571_15_652_555_3.jpg?t=1549099188, http://www.img-asp.jp/bkn/40875571_16_652_555_3.jpg?t=1549099188";"2019-02-10 05:15:58"
340;"63";"http://es1.img-asp.jp/bkn/42547612_1_652_555_3.jpg?t=1549099188, http://www.img-asp.jp/bkn/42547612_3_652_555_3.jpg?t=1549099188, http://img.ielove.jp/bkn/42547612_4_652_555_3.jpg?t=1549099188, http://es1.img-asp.jp/bkn/42547612_5_652_555_3.jpg?t=1549099188, http://es2.img-asp.jp/bkn/42547612_6_652_555_3.jpg?t=1549099188, http://www.img-asp.jp/bkn/42547612_7_652_555_3.jpg?t=1549099188, http://img.ielove.jp/bkn/42547612_8_652_555_3.jpg?t=1549099188, http://es1.img-asp.jp/bkn/42547612_9_652_555_3.jpg?t=1549099188, http://es2.img-asp.jp/bkn/42547612_10_652_555_3.jpg?t=1549099188, http://www.img-asp.jp/bkn/42547612_11_652_555_3.jpg?t=1549099188, http://img.ielove.jp/bkn/42547612_12_652_555_3.jpg?t=1549099188, http://es1.img-asp.jp/bkn/42547612_13_652_555_3.jpg?t=1549099188, http://es2.img-asp.jp/bkn/42547612_14_652_555_3.jpg?t=1549099188, http://www.img-asp.jp/bkn/42547612_15_652_555_3.jpg?t=1549099188, http://img.ielove.jp/bkn/42547612_16_652_555_3.jpg?t=1549099188, http://es1.img-asp.jp/bkn/42547612_17_652_555_3.jpg?t=1549099188, http://es2.img-asp.jp/bkn/42547612_18_652_555_3.jpg?t=1549099188, http://www.img-asp.jp/bkn/42547612_19_652_555_3.jpg?t=1549099188, http://img.ielove.jp/bkn/42547612_20_652_555_3.jpg?t=1549099188, http://es1.img-asp.jp/bkn/42547612_21_652_555_3.jpg?t=1549099188, http://es2.img-asp.jp/bkn/42547612_22_652_555_3.jpg?t=1549099188, http://www.img-asp.jp/bkn/42547612_23_652_555_3.jpg?t=1549099188, http://img.ielove.jp/bkn/42547612_24_652_555_3.jpg?t=1549099188, http://es1.img-asp.jp/bkn/42547612_25_652_555_3.jpg?t=1549099188, http://es2.img-asp.jp/bkn/42547612_26_652_555_3.jpg?t=1549099188, http://www.img-asp.jp/bkn/42547612_27_652_555_3.jpg?t=1549099188";"2019-02-10 05:15:58"
341;"64";"http://img.ielove.jp/bkn/43203163_1_652_555_3.jpg?t=1549099187, http://es2.img-asp.jp/bkn/43203163_3_652_555_3.jpg?t=1549099187, http://www.img-asp.jp/bkn/43203163_4_652_555_3.jpg?t=1549099187, http://img.ielove.jp/bkn/43203163_5_652_555_3.jpg?t=1549099187, http://es1.img-asp.jp/bkn/43203163_6_652_555_3.jpg?t=1549099187, http://es2.img-asp.jp/bkn/43203163_7_652_555_3.jpg?t=1549099187, http://www.img-asp.jp/bkn/43203163_8_652_555_3.jpg?t=1549099187, http://img.ielove.jp/bkn/43203163_9_652_555_3.jpg?t=1549099187, http://es1.img-asp.jp/bkn/43203163_10_652_555_3.jpg?t=1549099187";"2019-02-10 05:15:58"
342;"65";"http://img.ielove.jp/bkn/43203163_1_652_555_3.jpg?t=1549099187, http://es2.img-asp.jp/bkn/43203163_3_652_555_3.jpg?t=1549099187, http://www.img-asp.jp/bkn/43203163_4_652_555_3.jpg?t=1549099187, http://img.ielove.jp/bkn/43203163_5_652_555_3.jpg?t=1549099187, http://es1.img-asp.jp/bkn/43203163_6_652_555_3.jpg?t=1549099187, http://es2.img-asp.jp/bkn/43203163_7_652_555_3.jpg?t=1549099187, http://www.img-asp.jp/bkn/43203163_8_652_555_3.jpg?t=1549099187, http://img.ielove.jp/bkn/43203163_9_652_555_3.jpg?t=1549099187, http://es1.img-asp.jp/bkn/43203163_10_652_555_3.jpg?t=1549099187";"2019-02-10 05:15:58"
343;"66";"http://es1.img-asp.jp/bkn/33518676_1_652_555_3.jpg?t=1549099187, http://www.img-asp.jp/bkn/33518676_3_652_555_3.jpg?t=1549099187, http://img.ielove.jp/bkn/33518676_4_652_555_3.jpg?t=1549099187, http://es1.img-asp.jp/bkn/33518676_5_652_555_3.jpg?t=1549099187, http://es2.img-asp.jp/bkn/33518676_6_652_555_3.jpg?t=1549099187, http://www.img-asp.jp/bkn/33518676_7_652_555_3.jpg?t=1549099187, http://img.ielove.jp/bkn/33518676_8_652_555_3.jpg?t=1549099187, http://es1.img-asp.jp/bkn/33518676_9_652_555_3.jpg?t=1549099187, http://es2.img-asp.jp/bkn/33518676_10_652_555_3.jpg?t=1549099187, http://www.img-asp.jp/bkn/33518676_11_652_555_3.jpg?t=1549099187, http://img.ielove.jp/bkn/33518676_12_652_555_3.jpg?t=1549099187, http://es1.img-asp.jp/bkn/33518676_13_652_555_3.jpg?t=1549099187, http://es2.img-asp.jp/bkn/33518676_14_652_555_3.jpg?t=1549099187, http://www.img-asp.jp/bkn/33518676_15_652_555_3.jpg?t=1549099187, http://img.ielove.jp/bkn/33518676_16_652_555_3.jpg?t=1549099187";"2019-02-10 05:15:58"
344;"67";"http://es2.img-asp.jp/bkn/33518685_1_652_555_3.jpg?t=1549099187, http://img.ielove.jp/bkn/33518685_3_652_555_3.jpg?t=1549099187, http://es1.img-asp.jp/bkn/33518685_4_652_555_3.jpg?t=1549099187, http://es2.img-asp.jp/bkn/33518685_5_652_555_3.jpg?t=1549099187, http://www.img-asp.jp/bkn/33518685_6_652_555_3.jpg?t=1549099187, http://img.ielove.jp/bkn/33518685_7_652_555_3.jpg?t=1549099187, http://es1.img-asp.jp/bkn/33518685_8_652_555_3.jpg?t=1549099187, http://es2.img-asp.jp/bkn/33518685_9_652_555_3.jpg?t=1549099187, http://www.img-asp.jp/bkn/33518685_10_652_555_3.jpg?t=1549099187, http://img.ielove.jp/bkn/33518685_11_652_555_3.jpg?t=1549099187, http://es1.img-asp.jp/bkn/33518685_12_652_555_3.jpg?t=1549099187, http://es2.img-asp.jp/bkn/33518685_13_652_555_3.jpg?t=1549099187, http://www.img-asp.jp/bkn/33518685_14_652_555_3.jpg?t=1549099187, http://img.ielove.jp/bkn/33518685_15_652_555_3.jpg?t=1549099187, http://es1.img-asp.jp/bkn/33518685_16_652_555_3.jpg?t=1549099187, http://es2.img-asp.jp/bkn/33518685_17_652_555_3.jpg?t=1549099187, http://www.img-asp.jp/bkn/33518685_18_652_555_3.jpg?t=1549099187, http://img.ielove.jp/bkn/33518685_19_652_555_3.jpg?t=1549099187, http://es1.img-asp.jp/bkn/33518685_20_652_555_3.jpg?t=1549099187, http://es2.img-asp.jp/bkn/33518685_21_652_555_3.jpg?t=1549099187";"2019-02-10 05:15:58"
345;"68";"http://img.ielove.jp/bkn/37776235_1_652_555_3.jpg?t=1549099187, http://es2.img-asp.jp/bkn/37776235_3_652_555_3.jpg?t=1549099187, http://www.img-asp.jp/bkn/37776235_4_652_555_3.jpg?t=1549099187, http://img.ielove.jp/bkn/37776235_5_652_555_3.jpg?t=1549099187, http://es1.img-asp.jp/bkn/37776235_6_652_555_3.jpg?t=1549099187, http://es2.img-asp.jp/bkn/37776235_7_652_555_3.jpg?t=1549099187, http://www.img-asp.jp/bkn/37776235_8_652_555_3.jpg?t=1549099187, http://img.ielove.jp/bkn/37776235_9_652_555_3.jpg?t=1549099187, http://es1.img-asp.jp/bkn/37776235_10_652_555_3.jpg?t=1549099187, http://es2.img-asp.jp/bkn/37776235_11_652_555_3.jpg?t=1549099187, http://www.img-asp.jp/bkn/37776235_12_652_555_3.jpg?t=1549099187, http://img.ielove.jp/bkn/37776235_13_652_555_3.jpg?t=1549099187, http://es1.img-asp.jp/bkn/37776235_14_652_555_3.jpg?t=1549099187, http://es2.img-asp.jp/bkn/37776235_15_652_555_3.jpg?t=1549099187, http://www.img-asp.jp/bkn/37776235_16_652_555_3.jpg?t=1549099187";"2019-02-10 05:15:58"
346;"69";"http://img.ielove.jp/bkn/40058907_1_652_555_3.jpg?t=1549099187, http://es2.img-asp.jp/bkn/40058907_3_652_555_3.jpg?t=1549099187, http://www.img-asp.jp/bkn/40058907_4_652_555_3.jpg?t=1549099187, http://img.ielove.jp/bkn/40058907_5_652_555_3.jpg?t=1549099187, http://es1.img-asp.jp/bkn/40058907_6_652_555_3.jpg?t=1549099187, http://es2.img-asp.jp/bkn/40058907_7_652_555_3.jpg?t=1549099187, http://www.img-asp.jp/bkn/40058907_8_652_555_3.jpg?t=1549099187, http://img.ielove.jp/bkn/40058907_9_652_555_3.jpg?t=1549099187, http://es1.img-asp.jp/bkn/40058907_10_652_555_3.jpg?t=1549099187, http://es2.img-asp.jp/bkn/40058907_11_652_555_3.jpg?t=1549099187";"2019-02-10 05:15:58"
347;"70";"http://es1.img-asp.jp/bkn/42060068_1_652_555_3.jpg?t=1549099187, http://www.img-asp.jp/bkn/42060068_3_652_555_3.jpg?t=1549099187, http://img.ielove.jp/bkn/42060068_4_652_555_3.jpg?t=1549099187, http://es1.img-asp.jp/bkn/42060068_5_652_555_3.jpg?t=1549099187, http://es2.img-asp.jp/bkn/42060068_6_652_555_3.jpg?t=1549099187, http://www.img-asp.jp/bkn/42060068_7_652_555_3.jpg?t=1549099187, http://img.ielove.jp/bkn/42060068_8_652_555_3.jpg?t=1549099187, http://es1.img-asp.jp/bkn/42060068_9_652_555_3.jpg?t=1549099187, http://es2.img-asp.jp/bkn/42060068_10_652_555_3.jpg?t=1549099187, http://www.img-asp.jp/bkn/42060068_11_652_555_3.jpg?t=1549099187, http://img.ielove.jp/bkn/42060068_12_652_555_3.jpg?t=1549099187, http://es1.img-asp.jp/bkn/42060068_13_652_555_3.jpg?t=1549099187, http://es2.img-asp.jp/bkn/42060068_14_652_555_3.jpg?t=1549099187, http://www.img-asp.jp/bkn/42060068_15_652_555_3.jpg?t=1549099187, http://img.ielove.jp/bkn/42060068_16_652_555_3.jpg?t=1549099187, http://es1.img-asp.jp/bkn/42060068_17_652_555_3.jpg?t=1549099187, http://es2.img-asp.jp/bkn/42060068_18_652_555_3.jpg?t=1549099187";"2019-02-10 05:15:58"
348;"71";"http://www.img-asp.jp/bkn/44878558_1_652_555_3.jpg?t=1549099187, http://es1.img-asp.jp/bkn/44878558_3_652_555_3.jpg?t=1549099187, http://es2.img-asp.jp/bkn/44878558_4_652_555_3.jpg?t=1549099187, http://www.img-asp.jp/bkn/44878558_5_652_555_3.jpg?t=1549099187, http://img.ielove.jp/bkn/44878558_6_652_555_3.jpg?t=1549099187, http://es1.img-asp.jp/bkn/44878558_7_652_555_3.jpg?t=1549099187, http://es2.img-asp.jp/bkn/44878558_8_652_555_3.jpg?t=1549099187, http://www.img-asp.jp/bkn/44878558_9_652_555_3.jpg?t=1549099187, http://img.ielove.jp/bkn/44878558_10_652_555_3.jpg?t=1549099187, http://es1.img-asp.jp/bkn/44878558_11_652_555_3.jpg?t=1549099187, http://es2.img-asp.jp/bkn/44878558_12_652_555_3.jpg?t=1549099187, http://www.img-asp.jp/bkn/44878558_13_652_555_3.jpg?t=1549099187, http://img.ielove.jp/bkn/44878558_14_652_555_3.jpg?t=1549099187, http://es1.img-asp.jp/bkn/44878558_15_652_555_3.jpg?t=1549099187, http://es2.img-asp.jp/bkn/44878558_16_652_555_3.jpg?t=1549099187";"2019-02-10 05:15:58"
349;"72";"http://es1.img-asp.jp/bkn/45007036_1_652_555_3.jpg?t=1549099186, http://www.img-asp.jp/bkn/45007036_3_652_555_3.jpg?t=1549099186, http://img.ielove.jp/bkn/45007036_4_652_555_3.jpg?t=1549099186, http://es1.img-asp.jp/bkn/45007036_5_652_555_3.jpg?t=1549099186, http://es2.img-asp.jp/bkn/45007036_6_652_555_3.jpg?t=1549099186, http://www.img-asp.jp/bkn/45007036_7_652_555_3.jpg?t=1549099186, http://img.ielove.jp/bkn/45007036_8_652_555_3.jpg?t=1549099186, http://es1.img-asp.jp/bkn/45007036_9_652_555_3.jpg?t=1549099186, http://es2.img-asp.jp/bkn/45007036_10_652_555_3.jpg?t=1549099186, http://www.img-asp.jp/bkn/45007036_11_652_555_3.jpg?t=1549099186, http://img.ielove.jp/bkn/45007036_12_652_555_3.jpg?t=1549099186";"2019-02-10 05:15:58"
350;"73";"http://www.img-asp.jp/bkn/44878558_1_652_555_3.jpg?t=1549099187, http://es1.img-asp.jp/bkn/44878558_3_652_555_3.jpg?t=1549099187, http://es2.img-asp.jp/bkn/44878558_4_652_555_3.jpg?t=1549099187, http://www.img-asp.jp/bkn/44878558_5_652_555_3.jpg?t=1549099187, http://img.ielove.jp/bkn/44878558_6_652_555_3.jpg?t=1549099187, http://es1.img-asp.jp/bkn/44878558_7_652_555_3.jpg?t=1549099187, http://es2.img-asp.jp/bkn/44878558_8_652_555_3.jpg?t=1549099187, http://www.img-asp.jp/bkn/44878558_9_652_555_3.jpg?t=1549099187, http://img.ielove.jp/bkn/44878558_10_652_555_3.jpg?t=1549099187, http://es1.img-asp.jp/bkn/44878558_11_652_555_3.jpg?t=1549099187, http://es2.img-asp.jp/bkn/44878558_12_652_555_3.jpg?t=1549099187, http://www.img-asp.jp/bkn/44878558_13_652_555_3.jpg?t=1549099187, http://img.ielove.jp/bkn/44878558_14_652_555_3.jpg?t=1549099187, http://es1.img-asp.jp/bkn/44878558_15_652_555_3.jpg?t=1549099187, http://es2.img-asp.jp/bkn/44878558_16_652_555_3.jpg?t=1549099187";"2019-02-10 05:15:58"
351;"74";"http://www.img-asp.jp/bkn/44878558_1_652_555_3.jpg?t=1549099187, http://es1.img-asp.jp/bkn/44878558_3_652_555_3.jpg?t=1549099187, http://es2.img-asp.jp/bkn/44878558_4_652_555_3.jpg?t=1549099187, http://www.img-asp.jp/bkn/44878558_5_652_555_3.jpg?t=1549099187, http://img.ielove.jp/bkn/44878558_6_652_555_3.jpg?t=1549099187, http://es1.img-asp.jp/bkn/44878558_7_652_555_3.jpg?t=1549099187, http://es2.img-asp.jp/bkn/44878558_8_652_555_3.jpg?t=1549099187, http://www.img-asp.jp/bkn/44878558_9_652_555_3.jpg?t=1549099187, http://img.ielove.jp/bkn/44878558_10_652_555_3.jpg?t=1549099187, http://es1.img-asp.jp/bkn/44878558_11_652_555_3.jpg?t=1549099187, http://es2.img-asp.jp/bkn/44878558_12_652_555_3.jpg?t=1549099187, http://www.img-asp.jp/bkn/44878558_13_652_555_3.jpg?t=1549099187, http://img.ielove.jp/bkn/44878558_14_652_555_3.jpg?t=1549099187, http://es1.img-asp.jp/bkn/44878558_15_652_555_3.jpg?t=1549099187, http://es2.img-asp.jp/bkn/44878558_16_652_555_3.jpg?t=1549099187";"2019-02-10 05:15:58"
